Marysville,Washington,63269,48.0517637,-122.1770818
Perris,California,72326,33.7825194,-117.22864780000000
Cleveland,Ohio,390113,41.499320000000000,-81.6943605
Worcester,Massachusetts,182544,42.262593200000000,-71.8022934
Columbia,South Carolina,133358,34.0007104,-81.0348144
Waterbury,Connecticut,109676,41.558152500000000,-73.0514965
Eagan,Minnesota,65453,44.804132200000000,-93.1668858
Southfield,Michigan,73006,42.473368800000000,-83.2218731
Lafayette,Louisiana,124276,30.2240897,-92.0198427
Boise City,Idaho,214237,43.6187102,-116.2146068
Elkhart,Indiana,51265,41.6819935,-85.9766671
Buena Park,California,82882,33.867514300000000,-117.99811810000000
Marietta,Georgia,59089,33.952602,-84.5499327
Parker,Colorado,48608,39.5186002,-104.76136330000000
West Palm Beach,Florida,102436,26.7153424,-80.0533746
Salem,Massachusetts,42544,42.51954,-70.8967155
Aurora,Illinois,199963,41.7605849,-88.3200715
Leesburg,Virginia,47673,39.1156615,-77.5636015
Doral,Florida,50213,25.8195424,-80.3553302
Westminster,California,91739,33.7513419,-117.99399210000000
Lubbock,Texas,239538,33.5778631,-101.85516650000000
Overland Park,Kansas,181260,38.9822282,-94.6707917
Jackson,Mississippi,172638,32.298757300000000,-90.1848103
Gastonia,North Carolina,73209,35.262082,-81.1873005
Daytona Beach,Florida,62316,29.2108147,-81.02283310000000
Kansas City,Missouri,467007,39.0997265,-94.5785667
Rancho Palos Verdes,California,42448,33.7444613,-118.3870173
Burnsville,Minnesota,61434,44.7677424,-93.27772260000000
Rowlett,Texas,58043,32.9029017,-96.56388000000000
Roswell,New Mexico,48611,33.3942655,-104.52302420000000
Montgomery,Alabama,201332,32.366805200000000,-86.2999689
Logan,Utah,48913,41.7369803,-111.83383590000000
Woburn,Massachusetts,39083,42.479261800000000,-71.1522765
Allentown,Pennsylvania,118577,40.6084305,-75.4901833
Mount Pleasant,South Carolina,74885,32.8323225,-79.82842580000000
Columbus,Georgia,202824,32.4609764,-84.9877094
Buffalo,New York,258959,42.8864468,-78.8783689
New Berlin,Wisconsin,39834,42.9764027,-88.10842240000000
North Richland Hills,Texas,67317,32.8342952,-97.22890290000000
Lima,Ohio,38355,40.742551,-84.1052256
Sacramento,California,479686,38.5815719,-121.49439960000000
Fort Smith,Arkansas,87650,35.385924200000000,-94.39854750000000
East Providence,Rhode Island,47149,41.813711600000000,-71.37005450000000
Urbandale,Iowa,41776,41.6266555,-93.71216560000000
Mount Vernon,New York,68224,40.9125992,-73.8370786
Lakewood,Colorado,147214,39.7047095,-105.08137340000000
Henderson,Nevada,270811,36.0395247,-114.9817213
Covina,California,48508,34.0900091,-117.89033970000000
Stamford,Connecticut,126456,41.0534302,-73.53873410000000
Bloomington,Indiana,82575,39.165325,-86.5263857
Kingsport,Tennessee,52962,36.548434,-82.5618186
Spokane,Washington,210721,47.6587802,-117.4260466
Kennewick,Washington,76762,46.2112458,-119.1372338
Philadelphia,Pennsylvania,1553165,39.9525839,-75.1652215
Bellingham,Washington,82631,48.74908,-122.4781473
Visalia,California,127763,36.330228400000000,-119.2920585
La Crosse,Wisconsin,51522,43.8013556,-91.2395807
Council Bluffs,Iowa,61969,41.2619444,-95.8608333
North Lauderdale,Florida,42757,26.217305,-80.2258811
Dallas,Texas,1257676,32.7766642,-96.7969879
Antioch,California,107100,38.0049214,-121.80578900000000
Sterling Heights,Michigan,131224,42.5803122,-83.0302033
Deerfield Beach,Florida,78041,26.318412300000000,-80.0997657
Fishers,Indiana,83891,39.95675480000000,-86.01335
Cheyenne,Wyoming,62448,41.1399814,-104.8202462
Murrieta,California,107479,33.553914300000000,-117.21392320000000
Lenexa,Kansas,50344,38.9536174,-94.7335709
Noblesville,Indiana,56540,40.0455917,-86.0085955
Southaven,Mississippi,50997,34.9889818,-90.0125913
Chino,California,80988,34.0122346,-117.68894400000000
Gaithersburg,Maryland,65690,39.143440600000000,-77.2013705
Fountain Valley,California,56707,33.7091847,-117.95366970000000
Frederick,Maryland,66893,39.414268800000000,-77.41054090000000
Greenville,North Carolina,89130,35.612661000000000,-77.3663538
DeKalb,Illinois,43849,41.9294736,-88.7503647
West Allis,Wisconsin,60697,43.0166806,-88.0070315
Thornton,Colorado,127359,39.8680412,-104.9719243
West Des Moines,Iowa,61255,41.5772115,-93.711332
Fall River,Massachusetts,88697,41.7014912,-71.1550451
Tulare,California,61170,36.20772880000000,-119.3473379
Chula Vista,California,256780,32.6400541,-117.0841955
Coral Springs,Florida,126604,26.271192,-80.27060440000000
Concord,North Carolina,83506,35.4087517,-80.579511
Smyrna,Georgia,53438,33.883992600000000,-84.51437610000000
Apopka,Florida,45587,28.6934076,-81.53221490000000
Grand Forks,North Dakota,54932,47.9252568,-97.0328547
Lancaster,Ohio,39325,39.71367540000000,-82.59932940000000
Naperville,Illinois,144864,41.7508391,-88.15353520000000
Hollywood,Florida,146526,26.0112014,-80.1494901
Rogers,Arkansas,60112,36.3320196,-94.1185366
New Orleans,Louisiana,378715,29.9510658,-90.0715323
Lakewood,Washington,59097,47.1717649,-122.51845800000000
Oak Lawn,Illinois,57073,41.719978000000000,-87.7479528
Caldwell,Idaho,48957,43.662938400000000,-116.6873596
Portland,Oregon,609456,45.523062200000000,-122.67648160000000
Concord,California,125880,37.9779776,-122.0310733
Burien,Washington,49858,47.4703767,-122.3467918
St. Charles,Missouri,67569,38.7881062,-90.4974359
Waukesha,Wisconsin,71016,43.0116784,-88.2314813
Flagstaff,Arizona,68667,35.1982836,-111.651302
Puyallup,Washington,38609,47.1853785,-122.29289740000000
Schenectady,New York,65902,42.8142432,-73.93956870000000
Denver,Colorado,649495,39.739235800000000,-104.990251
Springfield,Illinois,117006,39.7817213,-89.6501481
Campbell,California,40584,37.2871651,-121.9499568
Moreno Valley,California,201175,33.9424658,-117.2296717
Kettering,Ohio,55870,39.6895036,-84.16882740000000
Lincoln Park,Michigan,37313,42.250594300000000,-83.17853610000000
Lake Havasu City,Arizona,52844,34.483901,-114.32245480000000
North Little Rock,Arkansas,66075,34.769536000000000,-92.2670941
Reno,Nevada,233294,39.529632900000000,-119.8138027
Littleton,Colorado,44275,39.613321,-105.0166498
Prescott,Arizona,40590,34.540024200000000,-112.46850250000000
Dublin,California,52105,37.7021521,-121.9357918
Texarkana,Texas,37442,33.425125,-94.0476882
Portland,Maine,66318,43.661471,-70.2553259
Brooklyn Park,Minnesota,78373,45.0941315,-93.3563405
West Haven,Connecticut,55046,41.2705484,-72.94697110000000
El Centro,California,43363,32.792,-115.56305140000000
The Colony,Texas,39458,33.0806083,-96.8928309
Flint,Michigan,99763,43.012527400000000,-83.6874562
Pittsburg,California,66695,38.027976200000000,-121.88468060000000
Buckeye,Arizona,56683,33.370319700000000,-112.58377660000000
Brea,California,40963,33.9166805,-117.9000604
Indio,California,83539,33.7205771,-116.2155619
Scottsdale,Arizona,226918,33.494170400000000,-111.9260519
Columbus,Ohio,822553,39.9611755,-82.9987942
Lancaster,Pennsylvania,59325,40.0378755,-76.3055144
Lincoln,Nebraska,268738,40.8257625,-96.6851982
Trenton,New Jersey,84349,40.2170534,-74.74293840000000
Boston,Massachusetts,645966,42.360082500000000,-71.0588801
Glendora,California,51074,34.136118700000000,-117.86533900000000
Rochester,Minnesota,110742,44.0121221,-92.4801989
Florissant,Missouri,52363,38.789217,-90.322614
Annapolis,Maryland,38722,38.9784453,-76.4921829
Chapel Hill,North Carolina,59635,35.913199600000000,-79.05584450000000
Lawrence,Indiana,47135,39.8386516,-86.0252612
Calexico,California,39389,32.6789476,-115.4988834
Calumet City,Illinois,37240,41.6155909,-87.5294871
Missoula,Montana,69122,46.8787176,-113.99658600000000
Clovis,California,99769,36.8252277,-119.70291940000000
Pearland,Texas,100065,29.5635666,-95.2860474
Gilbert,Arizona,229972,33.3528264,-111.789027
Wausau,Wisconsin,39309,44.9591352,-89.6301221
Raleigh,North Carolina,431746,35.7795897,-78.6381787
Orange,California,139969,33.787794400000000,-117.8531119
Walnut Creek,California,66900,37.9100783,-122.06518190000000
Bremerton,Washington,39056,47.567320200000000,-122.6329356
Porterville,California,55174,36.06523,-119.0167679
Marana,Arizona,38290,32.436381,-111.2224422
Tallahassee,Florida,186411,30.4382559,-84.2807329
Conroe,Texas,63032,30.311876900000000,-95.4560512
Blacksburg,Virginia,43609,37.2295733,-80.4139393
San Antonio,Texas,1409019,29.4241219,-98.4936282
Hartford,Connecticut,125017,41.7637111,-72.6850932
Waterloo,Iowa,68366,42.492786000000000,-92.3425775
Binghamton,New York,46444,42.0986867,-75.9179738
Meridian,Idaho,83596,43.61210870000000,-116.39151310000000
Fond du Lac,Wisconsin,42970,43.7730448,-88.44705080000000
Baytown,Texas,75418,29.735504700000000,-94.97742740000000
Cary,North Carolina,151088,35.791540000000000,-78.78111690000000
Weymouth Town,Massachusetts,55419,42.2180724,-70.94103560000000
Tulsa,Oklahoma,398121,36.1539816,-95.992775
Mission,Texas,81050,26.2159066,-98.3252932
Cuyahoga Falls,Ohio,49267,41.133944900000000,-81.48455850000000
Malden,Massachusetts,60509,42.4250964,-71.066163
Allen,Texas,92020,33.1031744,-96.6705503
Tucson,Arizona,526116,32.2217429,-110.926479
Franklin,Tennessee,68886,35.9250637,-86.86888990000000
Shakopee,Minnesota,39167,44.79739620000000,-93.5272861
Jacksonville,Florida,842583,30.3321838,-81.655651
Atlantic City,New Jersey,39551,39.3642834,-74.4229266
Erie,Pennsylvania,100671,42.1292241,-80.085059
Merced,California,81102,37.3021632,-120.48296770000000
Abilene,Texas,120099,32.4487364,-99.7331439
Yorba Linda,California,67032,33.888625900000000,-117.8131125
Greenville,South Carolina,61397,34.8526176,-82.3940104
Huntersville,North Carolina,50458,35.410694,-80.8428504
St. Clair Shores,Michigan,60070,42.4974085,-82.8963604
Harrisburg,Pennsylvania,49188,40.273191100000000,-76.88670080000000
San Buenaventura (Ventura),California,108817,34.274646000000000,-119.22903160000000
Fremont,California,224922,37.548269700000000,-121.98857190000000
Pueblo,Colorado,108249,38.2544472,-104.60914090000000
Chelsea,Massachusetts,37670,42.3917638,-71.03282840000000
Belleville,Illinois,42895,38.520050400000000,-89.98399350000000
Minneapolis,Minnesota,400070,44.977753,-93.2650108
Bartlett,Tennessee,58226,35.204532800000000,-89.8739753
Wichita Falls,Texas,104898,33.913708500000000,-98.49338730000000
Missouri City,Texas,70185,29.6185669,-95.5377215
St. Louis,Missouri,318416,38.6270025,-90.1994042
Pharr,Texas,73790,26.1947962,-98.1836216
Albuquerque,New Mexico,556495,35.0853336,-106.6055534
Athens-Clarke County,Georgia,119980,33.9519347,-83.357567
South Jordan,Utah,59366,40.5621704,-111.929658
North Las Vegas,Nevada,226877,36.1988592,-115.1175013
Pomona,California,151348,34.055103,-117.7499909
Eastvale,California,55191,33.952463,-117.5848025
Grove City,Ohio,37490,39.881451900000000,-83.09296440000000
Lawrence,Kansas,90811,38.971668900000000,-95.23525010000000
Midland,Texas,123933,31.9973456,-102.0779146
Oklahoma City,Oklahoma,610613,35.4675602,-97.5164276
Oro Valley,Arizona,41627,32.3909071,-110.96648800000000
Mesa,Arizona,457587,33.4151843,-111.83147240000000
Norwalk,Connecticut,87776,41.117744,-73.4081575
Kentwood,Michigan,50233,42.8694731,-85.6447492
Brookfield,Wisconsin,37999,43.0605671,-88.1064787
Rockwall,Texas,40922,32.9312336,-96.45970890000000
Mishawaka,Indiana,47989,41.6619927,-86.15861560000000
Tustin,California,78327,33.7458511,-117.82616600000000
St. Cloud,Minnesota,66297,45.5579451,-94.1632404
Passaic,New Jersey,70868,40.8567662,-74.12847640000000
Escondido,California,148738,33.1192068,-117.086421
San Bruno,California,42443,37.6304904,-122.41108350000000
Berkeley,California,116768,37.87159260000000,-122.272747
San Clemente,California,65040,33.4269728,-117.6119925
Lawton,Oklahoma,97151,34.6035669,-98.3959291
Eau Claire,Wisconsin,67545,44.811349,-91.4984941
Maricopa,Arizona,45508,33.058106300000000,-112.04764230000000
DeSoto,Texas,51483,32.589699800000000,-96.8570738
Fort Wayne,Indiana,256496,41.079273,-85.13935130000000
Shoreline,Washington,54790,47.7556531,-122.3415178
Medford,Massachusetts,57170,42.4184296,-71.10616390000000
La Habra,California,61653,33.9319578,-117.94617340000000
Albany,New York,98424,42.65257930000000,-73.7562317
Daly City,California,104739,37.687924100000000,-122.47020790000000
Taylor,Michigan,61817,42.240872000000000,-83.2696509
Lynchburg,Virginia,78014,37.4137536,-79.1422464
Bowie,Maryland,56759,39.0067768,-76.77913650000000
Danbury,Connecticut,83684,41.394817000000000,-73.45401110000000
Charlottesville,Virginia,44349,38.029305900000000,-78.4766781
Coral Gables,Florida,49631,25.72149,-80.2683838
Coeur d'Alene,Idaho,46402,47.677683200000000,-116.78046640000000
El Monte,California,115708,34.0686206,-118.02756670000000
Crystal Lake,Illinois,40388,42.2411344,-88.3161965
Danville,California,43341,37.8215929,-121.9999606
Goodyear,Arizona,72864,33.4353394,-112.3576567
Paterson,New Jersey,145948,40.916765400000000,-74.171811
Salem,Oregon,160614,44.9428975,-123.03509630000000
Kissimmee,Florida,65173,28.291955700000000,-81.40757100000000
Saginaw,Michigan,50303,43.419469900000000,-83.9508068
Brownsville,Texas,181860,25.9017472,-97.4974838
Flower Mound,Texas,68609,33.0145673,-97.0969552
Grapevine,Texas,50195,32.9342919,-97.07806540000000
Edina,Minnesota,49376,44.889686600000000,-93.3499489
Detroit,Michigan,688701,42.331427000000000,-83.0457538
Fairfield,Ohio,42635,39.345467300000000,-84.56031870000000
Mansfield,Texas,60872,32.5631924,-97.1416768
Rochester,New York,210358,43.16103,-77.61092190000000
Birmingham,Alabama,212113,33.5206608,-86.80249
Austin,Texas,885400,30.267153000000000,-97.7430608
Santa Barbara,California,90412,34.4208305,-119.69819010000000
Addison,Illinois,37385,41.931696,-87.9889556
Rio Rancho,New Mexico,91956,35.2327544,-106.66304370000000
Normal,Illinois,54664,40.514202600000000,-88.99063120000000
Romeoville,Illinois,39650,41.6475306,-88.0895061
Coon Rapids,Minnesota,62103,45.1732394,-93.30300630000000
San Mateo,California,101128,37.562991700000000,-122.32552540000000
Orlando,Florida,255483,28.5383355,-81.3792365
Casper,Wyoming,59628,42.866632,-106.31308100000000
Bedford,Texas,48592,32.844017,-97.1430671
Wilmington,North Carolina,112067,34.2257255,-77.9447102
Pinellas Park,Florida,49998,27.8428025,-82.6995443
North Miami Beach,Florida,43250,25.9331488,-80.1625463
Kansas City,Kansas,148483,39.114053000000000,-94.6274636
Fitchburg,Massachusetts,40383,42.583422800000000,-71.8022955
Wheeling,Illinois,38015,42.1391927,-87.92895910000000
Newton,Massachusetts,87971,42.337041300000000,-71.2092214
North Miami,Florida,61007,25.890094900000000,-80.18671380000000
Norwich,Connecticut,40347,41.5242649,-72.07591050000000
Newark,New Jersey,278427,40.735657,-74.1723667
Alexandria,Louisiana,48426,31.3112936,-92.4451371
Blaine,Minnesota,60407,45.1607987,-93.2349489
Harlingen,Texas,65665,26.190630600000000,-97.69610260000000
Lompoc,California,43509,34.6391501,-120.4579409
Denton,Texas,123099,33.2148412,-97.13306830000000
Galveston,Texas,48733,29.3013479,-94.7976958
Greenwood,Indiana,53665,39.6136578,-86.10665260000000
Salinas,California,155662,36.6777372,-121.6555013
Miami Gardens,Florida,111378,25.942037700000000,-80.2456045
Huntington,West Virginia,49177,38.41924960000000,-82.445154
Laredo,Texas,248142,27.530567100000000,-99.48032410000000
Melbourne,Florida,77508,28.0836269,-80.6081089
Haltom City,Texas,43580,32.799573800000000,-97.2691817
Palm Bay,Florida,104898,28.034462100000000,-80.5886646
Wilson,North Carolina,49628,35.7212689,-77.91553950000000
Bountiful,Utah,43023,40.8893895,-111.880771
Ceres,California,46714,37.5949316,-120.9577098
Parma,Ohio,80429,41.404774200000000,-81.72290860000000
Rapid City,South Dakota,70812,44.0805434,-103.2310149
Bell Gardens,California,42889,33.965291800000000,-118.1514588
Commerce City,Colorado,49799,39.8083196,-104.9338675
Springfield,Massachusetts,153703,42.1014831,-72.589811
Fort Collins,Colorado,152061,40.5852602,-105.084423
San Leandro,California,87965,37.7249296,-122.1560768
Vista,California,96929,33.2000368,-117.2425355
Yonkers,New York,199766,40.9312099,-73.8987469
Cincinnati,Ohio,297517,39.103118200000000,-84.5120196
Hagerstown,Maryland,40612,39.641762900000000,-77.7199932
Sanford,Florida,56002,28.802861200000000,-81.269453
Union City,New Jersey,68247,40.697589800000000,-74.2631635
Toledo,Ohio,282313,41.6639383,-83.555212
Sierra Vista,Arizona,45129,31.545500100000000,-110.27728560000000
Newport News,Virginia,182020,37.087082100000000,-76.4730122
Hammond,Indiana,78967,41.583368800000000,-87.5000412
Buffalo Grove,Illinois,41778,42.1662831,-87.9631308
Sugar Land,Texas,83860,29.6196787,-95.6349463
Huntsville,Alabama,186254,34.730368800000000,-86.5861037
Lodi,California,63338,38.1341477,-121.27221940000000
Edmonds,Washington,40727,47.8106521,-122.37735520000000
Duncanville,Texas,39605,32.6518004,-96.9083366
Rocky Mount,North Carolina,56954,35.938210300000000,-77.7905339
Pontiac,Michigan,59887,42.6389216,-83.2910468
National City,California,59834,32.6781085,-117.0991967
Hayward,California,151574,37.6688205,-122.08079640000000
Niagara Falls,New York,49468,43.0962143,-79.03773880000000
Sparks,Nevada,93282,39.5349112,-119.7526886
Hanford,California,54686,36.3274502,-119.64568440000000
Cypress,California,49087,33.8169599,-118.0372852
Youngstown,Ohio,65184,41.0997803,-80.6495194
Madison,Alabama,45799,34.6992579,-86.7483318
Redlands,California,69999,34.055569300000000,-117.1825381
Cape Girardeau,Missouri,38816,37.3058839,-89.51814760000000
Nampa,Idaho,86518,43.5407172,-116.5634624
Washington,District of Columbia,646449,38.9071923,-77.03687070000000
Wheaton,Illinois,53648,41.8661403,-88.1070127
Lancaster,Texas,38071,32.5920798,-96.7561082
Rialto,California,101910,34.1064001,-117.37032350000000
Fargo,North Dakota,113658,46.8771863,-96.78980340000000
Peoria,Illinois,116513,40.6936488,-89.58898640000000
Omaha,Nebraska,434353,41.25236340000000,-95.99798830000000
Rancho Santa Margarita,California,49228,33.640855,-117.603104
Manhattan,Kansas,56143,39.1836082,-96.5716694
Palm Springs,California,46281,33.8302961,-116.54529210000000
San Diego,California,1355896,32.715738,-117.1610838
Santa Rosa,California,171990,38.440429000000000,-122.7140548
Lowell,Massachusetts,108861,42.633424700000000,-71.3161718
Broken Arrow,Oklahoma,103500,36.060949,-95.7974526
Kent,Washington,124435,47.380933500000000,-122.23484310000000
Nashville,Tennessee,634464,36.1626638,-86.78160160000000
Hackensack,New Jersey,44113,40.8859325,-74.0434736
Broomfield,Colorado,59471,39.9205411,-105.0866504
Durham,North Carolina,245475,35.99403290000000,-78.898619
Wichita,Kansas,386552,37.688889,-97.336111
Cathedral City,California,52977,33.780538800000000,-116.46680360000000
Lakeville,Minnesota,58562,44.6496868,-93.24272000000000
Elmhurst,Illinois,45556,41.8994744,-87.9403418
Weslaco,Texas,37093,26.159519400000000,-97.9908366
Greenfield,Wisconsin,37159,42.9614039,-88.0125865
Sunnyvale,California,147559,37.368830000000000,-122.03634960000000
Santa Cruz,California,62864,36.9741171,-122.0307963
Kenosha,Wisconsin,99889,42.5847425,-87.8211854
State College,Pennsylvania,41757,40.793394900000000,-77.8600012
Mansfield,Ohio,46454,40.758390000000000,-82.51544710000000
Quincy,Illinois,40915,39.9356016,-91.40987260000000
Pompano Beach,Florida,104410,26.2378597,-80.1247667
San Angelo,Texas,97492,31.4637723,-100.4370375
Bloomington,Illinois,78902,40.4842027,-88.9936873
Tracy,California,84691,37.7396513,-121.42522270000000
Spartanburg,South Carolina,37647,34.949567200000000,-81.93204820000000
Nashua,New Hampshire,87137,42.7653662,-71.467566
Macon,Georgia,89981,32.8406946,-83.6324022
Hempstead,New York,55361,40.706212800000000,-73.6187397
Camden,New Jersey,76903,39.9259463,-75.1196199
Palm Desert,California,50508,33.7222445,-116.37445560000000
Streamwood,Illinois,40351,42.02558270000000,-88.1784085
Chesapeake,Virginia,230571,36.7682088,-76.2874927
Dublin,Ohio,43607,40.0992294,-83.11407710000000
Camarillo,California,66086,34.216393700000000,-119.0376023
Muskegon,Michigan,37213,43.234181300000000,-86.2483921
Elizabeth,New Jersey,127558,40.6639916,-74.2107006
Anchorage,Alaska,300950,61.2180556,-149.90027780000000
Minot,North Dakota,46321,48.23296680000000,-101.2922906
Davie,Florida,96830,26.076478300000000,-80.2521157
McAllen,Texas,136639,26.203407100000000,-98.2300124
McKinney,Texas,148559,33.197246500000000,-96.6397822
Killeen,Texas,137147,31.117119400000000,-97.7277959
Findlay,Ohio,41512,41.04422,-83.6499321
Oakland,California,406253,37.8043637,-122.27111370000000
Mountain View,California,77846,37.3860517,-122.08385110000000
Lake Elsinore,California,57525,33.668077200000000,-117.3272615
Amarillo,Texas,196429,35.2219971,-101.8312969
Provo,Utah,116288,40.233843800000000,-111.6585337
Atlanta,Georgia,447841,33.7489954,-84.3879824
Monterey Park,California,61085,34.0625106,-118.1228476
Strongsville,Ohio,44730,41.3144966,-81.83569
Madera,California,63105,36.961335600000000,-120.0607176
Decatur,Illinois,74710,39.84031470000000,-88.9548001
Woonsocket,Rhode Island,41026,42.0028761,-71.5147839
Mobile,Alabama,194899,30.6953657,-88.0398912
Vallejo,California,118837,38.1040864,-122.25663670000000
Arcadia,California,57639,34.139729200000000,-118.0353449
Collierville,Tennessee,47333,35.042036000000000,-89.66452660000000
Jefferson City,Missouri,43330,38.57670170000000,-92.17351640000000
Longview,Texas,81443,32.5007037,-94.74048910000000
Chandler,Arizona,249146,33.3061605,-111.8412502
Arvada,Colorado,111707,39.802764400000000,-105.08748420000000
Alhambra,California,84577,34.095287,-118.1270146
Kokomo,Indiana,56895,40.486427,-86.13360330000000
Oakland Park,Florida,43286,26.1723065,-80.13198930000000
Indianapolis,Indiana,843393,39.768403,-86.158068
Boynton Beach,Florida,71097,26.531786600000000,-80.0905465
Apache Junction,Arizona,37130,33.4150485,-111.5495777
Mount Prospect,Illinois,54771,42.066416700000000,-87.9372908
Cranston,Rhode Island,80566,41.7798226,-71.4372796
Lafayette,Indiana,70373,40.4167022,-86.8752869
Olathe,Kansas,131885,38.8813958,-94.8191285
Johns Creek,Georgia,82788,34.0289259,-84.19857900000000
Greensboro,North Carolina,279639,36.072635400000000,-79.79197540000000
Kalamazoo,Michigan,75548,42.291706900000000,-85.5872286
Tigard,Oregon,50444,45.4312294,-122.7714861
Jacksonville,North Carolina,69079,34.7540524,-77.43024140000000
Citrus Heights,California,85285,38.7071247,-121.2810611
Tuscaloosa,Alabama,95334,33.2098407,-87.5691735
Ankeny,Iowa,51567,41.7317884,-93.6001278
Hawthorne,California,86199,33.9164032,-118.35257480000000
Hoover,Alabama,84126,33.405386700000000,-86.8113781
Delray Beach,Florida,64072,26.4614625,-80.07282010000000
Wellington,Florida,60202,26.6617635,-80.2683571
Bullhead City,Arizona,39383,35.1359386,-114.5285981
Weston,Florida,68388,26.100365400000000,-80.3997748
Troy,Michigan,82821,42.6064095,-83.1497751
New Rochelle,New York,79446,40.9114882,-73.78235490000000
Stockton,California,298118,37.9577016,-121.29077960000000
Royal Oak,Michigan,58946,42.4894801,-83.1446485
Titusville,Florida,44206,28.612218700000000,-80.8075537
Laguna Niguel,California,64652,33.5225261,-117.70755260000000
Spokane Valley,Washington,91113,47.6732281,-117.2393748
Costa Mesa,California,112174,33.6411316,-117.9186689
Grand Prairie,Texas,183372,32.7459645,-96.99778460000000
Portsmouth,Virginia,96205,36.835425800000000,-76.29827420000000
Lacey,Washington,44919,47.034262900000000,-122.82319150000000
Apex,North Carolina,42214,35.732652,-78.85028560000000
Sioux City,Iowa,82459,42.4999942,-96.4003069
Encinitas,California,61588,33.0369867,-117.2919818
Spanish Fork,Utah,36956,40.114955,-111.654923
Huntington Park,California,58879,33.981681200000000,-118.22507250000000
Eden Prairie,Minnesota,62603,44.8546856,-93.470786
Peoria,Arizona,162592,33.5805955,-112.23737790000000
Tempe,Arizona,168228,33.4255104,-111.9400054
Wilmington,Delaware,71525,39.7390721,-75.5397878
Taylorsville,Utah,60519,40.667724800000000,-111.93882580000000
Westland,Michigan,82578,42.324204000000000,-83.400211
Mesquite,Texas,143484,32.7667955,-96.5991593
Burlington,North Carolina,51510,36.0956918,-79.43779910000000
Garland,Texas,234566,32.912624,-96.6388833
Richmond,California,107571,37.9357576,-122.3477486
Bismarck,North Dakota,67034,46.808326800000000,-100.7837392
Carson City,Nevada,54080,39.1637984,-119.76740340000000
Muskogee,Oklahoma,38863,35.747876900000000,-95.36969090000000
Augusta-Richmond County,Georgia,197350,33.4734978,-82.0105148
Fayetteville,North Carolina,204408,35.0526641,-78.87835850000000
Albany,Georgia,76185,31.578507400000000,-84.155741
Sayreville,New Jersey,44412,40.4594021,-74.360846
Newark,California,44096,37.5296593,-122.0402399
Diamond Bar,California,56449,34.028622600000000,-117.81033670000000
Decatur,Alabama,55816,34.605925300000000,-86.9833417
Chattanooga,Tennessee,173366,35.0456297,-85.3096801
Jeffersonville,Indiana,45929,38.27757020000000,-85.7371847
Bartlett,Illinois,41679,41.9950276,-88.1856301
Baldwin Park,California,76635,34.0852868,-117.96089780000000
Miami Beach,Florida,91026,25.790654,-80.1300455
Jackson,Tennessee,67685,35.6145169,-88.8139469
Port Arthur,Texas,54135,29.884950400000000,-93.939947
San Luis Obispo,California,46377,35.2827524,-120.6596156
Burleson,Texas,40714,32.5420821,-97.32084920000000
Newport Beach,California,87273,33.6189101,-117.9289469
Riverton,Utah,40921,40.521893,-111.9391023
Yakima,Washington,93257,46.6020711,-120.5058987
Dayton,Ohio,143355,39.758947800000000,-84.1916069
Gulfport,Mississippi,71012,30.367419800000000,-89.0928155
Long Beach,California,469428,33.770050400000000,-118.1937395
Chico,California,88077,39.728494400000000,-121.8374777
Hattiesburg,Mississippi,47556,31.327118900000000,-89.2903392
Eugene,Oregon,159190,44.0520691,-123.08675360000000
Colton,California,53243,34.0739016,-117.3136547
Montebello,California,63495,34.0165053,-118.11375350000000
Pleasanton,California,74110,37.6624312,-121.8746789
Everett,Washington,105370,47.9789848,-122.2020794
Hutchinson,Kansas,41889,38.0608445,-97.9297743
Fairfield,California,109320,38.2493581,-122.03996630000000
Avondale,Arizona,78822,33.4355977,-112.3496021
Euclid,Ohio,48139,41.5931049,-81.5267873
Battle Creek,Michigan,51848,42.32115220000000,-85.17971420000000
Bloomington,Minnesota,86319,44.840798,-93.29827990000000
Rock Island,Illinois,38877,41.5094771,-90.57874760000000
Beaverton,Oregon,93542,45.487062,-122.8037102
Kenner,Louisiana,66975,29.9940924,-90.2417434
Clovis,New Mexico,39508,34.4047987,-103.2052272
Troy,New York,49974,42.7284117,-73.69178510000000
Milpitas,California,69783,37.4323341,-121.8995741
Des Plaines,Illinois,58918,42.03336230000000,-87.88339910000000
Placentia,California,52206,33.87223710000000,-117.87033630000000
Taunton,Massachusetts,56069,41.900101,-71.08976740000000
Montclair,California,38027,34.0775104,-117.68977760000000
Johnson City,Tennessee,65123,36.3134397,-82.35347270000000
Savannah,Georgia,142772,32.0835407,-81.0998342
Warren,Ohio,40768,41.237556900000000,-80.81841660000000
Vancouver,Washington,167405,45.6387281,-122.6614861
Sunrise,Florida,90116,26.1669711,-80.25659500000000
Muncie,Indiana,70316,40.1933767,-85.3863599
Lehi,Utah,54382,40.3916172,-111.8507662
San Francisco,California,837442,37.7749295,-122.4194155
Fontana,California,203003,34.0922335,-117.435048
Frisco,Texas,136791,33.1506744,-96.82361160000000
Chino Hills,California,76572,33.989818800000000,-117.7325848
Poway,California,49417,32.9628232,-117.0358646
Huber Heights,Ohio,38142,39.843947,-84.1246608
New Brunswick,New Jersey,55831,40.4862157,-74.4518188
Norfolk,Virginia,246139,36.8507689,-76.28587260000000
Hillsboro,Oregon,97368,45.5228939,-122.989827
San Jacinto,California,45851,33.783908400000000,-116.95863500000000
Pensacola,Florida,52703,30.421309,-87.2169149
Hamilton,Ohio,62258,39.3995008,-84.5613355
Florence,South Carolina,37792,34.1954331,-79.7625625
San Bernardino,California,213708,34.1083449,-117.2897652
Peachtree Corners,Georgia,40059,33.9698929,-84.2214551
Victorville,California,121096,34.5362184,-117.29276410000000
Gary,Indiana,78450,41.5933696,-87.3464271
Casa Grande,Arizona,50111,32.8795022,-111.75735210000000
Morgan Hill,California,40836,37.130501200000000,-121.65439010000000
Dubuque,Iowa,58253,42.5005583,-90.6645718
Syracuse,New York,144669,43.0481221,-76.1474244
Clarksville,Tennessee,142357,36.5297706,-87.3594528
Lakeland,Florida,100710,28.039465400000000,-81.9498042
Valley Stream,New York,37659,40.664269900000000,-73.7084645
Dover,Delaware,37366,39.158168000000000,-75.5243682
Moorhead,Minnesota,39398,46.8737648,-96.7678039
Culver City,California,39428,34.021122400000000,-118.3964665
Palatine,Illinois,69350,42.1103041,-88.03424
Seattle,Washington,652405,47.6062095,-122.33207080000000
Covington,Kentucky,40956,39.083671200000000,-84.5085536
Elk Grove,California,161007,38.4087993,-121.37161780000000
Shreveport,Louisiana,200327,32.5251516,-93.75017890000000
Ogden,Utah,84249,41.223,-111.9738304
Harrisonburg,Virginia,51395,38.449568800000000,-78.8689155
Inglewood,California,111542,33.9616801,-118.3531311
Pasadena,California,139731,34.1477849,-118.1445155
Lawrence,Massachusetts,77657,42.7070354,-71.1631137
Lake Oswego,Oregon,37610,45.4206749,-122.67064980000000
Petaluma,California,59440,38.232417,-122.6366524
Springfield,Ohio,59357,39.9242266,-83.8088171
Napa,California,79068,38.2975381,-122.28686500000000
Aurora,Colorado,345803,39.729431900000000,-104.8319195
Duluth,Minnesota,86128,46.7866719,-92.10048520000000
Roanoke,Virginia,98465,37.270970400000000,-79.9414266
Bend,Oregon,81236,44.058172800000000,-121.31530960000000
Apple Valley,California,70924,34.5008311,-117.18587590000000
Waltham,Massachusetts,62227,42.376485200000000,-71.2356113
Fort Myers,Florida,68190,26.640628000000000,-81.87230840000000
Tampa,Florida,352957,27.950575,-82.4571776
Upland,California,75413,34.09751,-117.64838760000000
Danville,Virginia,42907,36.585971800000000,-79.3950228
Beloit,Wisconsin,36888,42.5083482,-89.0317765
Plantation,Florida,90268,26.1275862,-80.23310360000000
Colorado Springs,Colorado,439886,38.8338816,-104.82136340000000
Modesto,California,204933,37.6390972,-120.99687820000000
Grand Rapids,Michigan,192294,42.9633599,-85.6680863
Oak Park,Illinois,52066,41.885031700000000,-87.7845025
Sarasota,Florida,53326,27.3364347,-82.5306527
Jurupa Valley,California,98030,33.9971974,-117.48548020000000
Bellflower,California,77593,33.881681800000000,-118.1170117
Boulder,Colorado,103166,40.0149856,-105.2705456
Santa Fe,New Mexico,69976,35.686975200000000,-105.937799
Coachella,California,43092,33.6803003,-116.17389400000000
Marlborough,Massachusetts,39414,42.3459271,-71.55228740000000
Riverside,California,316619,33.9533487,-117.3961564
Palmdale,California,157161,34.5794343,-118.11646130000000
Novato,California,54194,38.107419800000000,-122.5697032
Layton,Utah,70790,41.0602216,-111.9710529
Bolingbrook,Illinois,73936,41.6986416,-88.0683955
Mission Viejo,California,96346,33.6000232,-117.67199530000000
Glenview,Illinois,45417,42.069750900000000,-87.7878408
Lincoln,California,45237,38.891565,-121.29300790000000
Folsom,California,73098,38.6779591,-121.17605830000000
Prescott Valley,Arizona,39791,34.6100243,-112.315721
Las Cruces,New Mexico,101324,32.3199396,-106.7636538
Bozeman,Montana,39860,45.676997900000000,-111.04293390000000
Schaumburg,Illinois,74907,42.0333607,-88.0834059
Warren,Michigan,134873,42.5144566,-83.01465260000000
St. Peters,Missouri,54842,38.7874699,-90.6298922
Ames,Iowa,61792,42.034722000000000,-93.62
Surprise,Arizona,123546,33.62923370000000,-112.36792790000000
Richardson,Texas,104475,32.948333500000000,-96.72985190000000
Midland,Michigan,42181,43.6155825,-84.24721160000000
San Marcos,Texas,54076,29.8832749,-97.9413941
Wilkes-Barre,Pennsylvania,41108,41.245914900000000,-75.88130750000000
Appleton,Wisconsin,73596,44.2619309,-88.4153847
Shawnee,Kansas,64323,39.0228485,-94.7151865
Mentor,Ohio,46979,41.666157300000000,-81.339552
Livermore,California,85156,37.6818745,-121.7680088
Charlotte,North Carolina,792862,35.2270869,-80.8431267
Owensboro,Kentucky,58416,37.771907400000000,-87.1111676
Jupiter,Florida,58298,26.934224600000000,-80.09420870000000
Rohnert Park,California,41398,38.3396367,-122.70109840000000
Chicago,Illinois,2718782,41.8781136,-87.62979820000000
Billings,Montana,109059,45.783285600000000,-108.50069040000000
Wauwatosa,Wisconsin,47134,43.049457200000000,-88.0075875
Lombard,Illinois,43907,41.8800296,-88.0078435
New Haven,Connecticut,130660,41.308274,-72.9278835
York,Pennsylvania,43935,39.9625984,-76.727745
Knoxville,Tennessee,183270,35.96063840000000,-83.9207392
Elyria,Ohio,53956,41.36837980000000,-82.10764860000000
Barnstable Town,Massachusetts,44641,41.7003208,-70.3002024
Murray,Utah,48612,40.6668916,-111.8879909
Alameda,California,76419,37.7652065,-122.2416355
Manteca,California,71948,37.797427300000000,-121.21605260000000
Maplewood,Minnesota,39765,44.953021500000000,-92.9952153
Medford,Oregon,77677,42.3265152,-122.8755949
Murfreesboro,Tennessee,117044,35.8456213,-86.39027
Yuba City,California,65416,39.1404477,-121.6169108
Shelton,Connecticut,40999,41.3164856,-73.0931641
Cedar Falls,Iowa,40566,42.5348993,-92.4453161
Germantown,Tennessee,39375,35.08675770000000,-89.8100858
Scranton,Pennsylvania,75806,41.408969,-75.66241220000000
Auburn,Alabama,58582,32.6098566,-85.48078250000000
Manassas,Virginia,41705,38.750948800000000,-77.4752667
Vacaville,California,94275,38.3565773,-121.98774440000000
Santa Monica,California,92472,34.01945430000000,-118.4911912
Suffolk,Virginia,85728,36.7282054,-76.5835621
Rochester Hills,Michigan,72952,42.6583661,-83.14993220000000
La Quinta,California,39331,33.663357300000000,-116.31000950000000
Charleston,West Virginia,50821,38.3498195,-81.6326234
Delano,California,52403,35.7688425,-119.24705360000000
St. Cloud,Florida,40918,28.2489016,-81.2811801
Charleston,South Carolina,127999,32.776474900000000,-79.9310512
Kannapolis,North Carolina,44359,35.487361300000000,-80.62173410000000
Corona,California,159503,33.8752935,-117.56643840000000
Rocklin,California,59738,38.7907339,-121.2357828
Lee's Summit,Missouri,93184,38.9108408,-94.3821724
Palm Coast,Florida,78740,29.584452400000000,-81.2078699
Sandy,Utah,90231,40.564978100000000,-111.8389726
Bentonville,Arkansas,40167,36.372853800000000,-94.2088172
Santa Clarita,California,179590,34.3916641,-118.54258600000000
Altamonte Springs,Florida,42150,28.6611089,-81.36562420000000
New Braunfels,Texas,63279,29.7030024,-98.1244531
Memphis,Tennessee,653450,35.1495343,-90.0489801
Irving,Texas,228653,32.814017700000000,-96.9488945
Alexandria,Virginia,148892,38.804835500000000,-77.0469214
Hesperia,California,92147,34.4263886,-117.3008784
Holyoke,Massachusetts,40249,42.2042586,-72.61620090000000
Dunwoody,Georgia,47591,33.9462125,-84.3346473
Skokie,Illinois,65176,42.0324025,-87.7416246
Kearny,New Jersey,41664,40.7684342,-74.1454214
Bethlehem,Pennsylvania,75018,40.6259316,-75.3704579
St. Joseph,Missouri,77147,39.767457800000000,-94.846681
Redondo Beach,California,67815,33.8491816,-118.3884078
Houston,Texas,2195914,29.7604267,-95.36980280000000
Temecula,California,106780,33.4936391,-117.14836480000000
Ann Arbor,Michigan,117025,42.2808256,-83.7430378
Beaumont,Texas,117796,30.080174,-94.12655620000000
East Lansing,Michigan,48554,42.7369792,-84.48386540000000
Santee,California,56105,32.8383828,-116.97391670000000
Tamarac,Florida,63155,26.2128609,-80.2497707
Bellevue,Nebraska,53663,41.154362300000000,-95.9145568
Pembroke Pines,Florida,162329,26.007765,-80.2962555
Springdale,Arkansas,75229,36.18674420000000,-94.1288141
Oxnard,California,203007,34.1975048,-119.17705160000000
Odessa,Texas,110720,31.8456816,-102.3676431
Stillwater,Oklahoma,47186,36.1156071,-97.0583681
Brockton,Massachusetts,94089,42.083433500000000,-71.0183787
Bayonne,New Jersey,65028,40.6687141,-74.11430910000000
Paramount,California,54980,33.8894598,-118.15979110000000
Moline,Illinois,43116,41.5067003,-90.5151342
Meridian,Mississippi,40921,32.3643098,-88.70365600000000
Cleveland,Tennessee,42774,35.1595182,-84.8766115
Jersey City,New Jersey,257342,40.7281575,-74.0776417
St. Paul,Minnesota,294873,44.953702900000000,-93.0899578
Deltona,Florida,86290,28.9005446,-81.2636738
Freeport,New York,43167,40.65760220000000,-73.58318350000000
Iowa City,Iowa,71591,41.6611277,-91.5301683
Anaheim,California,345012,33.8352932,-117.91450360000000
Apple Valley,Minnesota,50201,44.7319094,-93.21772
Great Falls,Montana,59351,47.4941836,-111.2833449
West Valley City,Utah,133579,40.691613200000000,-112.00105010000000
Hampton,Virginia,136699,37.0298687,-76.3452218
Georgetown,Texas,54898,30.633261800000000,-97.67798420000000
Orem,Utah,91648,40.2968979,-111.69464750000000
Monrovia,California,37101,34.14426160000000,-118.0019482
Keller,Texas,42907,32.9341893,-97.229298
Goose Creek,South Carolina,39823,32.9810059,-80.03258670000000
Little Rock,Arkansas,197357,34.7464809,-92.2895948
Santa Ana,California,334227,33.7455731,-117.8678338
White Plains,New York,57866,41.0339862,-73.76290970000000
Idaho Falls,Idaho,58292,43.491651400000000,-112.0339645
Bellevue,Washington,133992,47.610377,-122.20067860000000
Roseville,California,127035,38.752123500000000,-121.28800590000000
Perth Amboy,New Jersey,51982,40.5067723,-74.2654234
Peabody,Massachusetts,52044,42.5278731,-70.92866090000000
Grand Island,Nebraska,50550,40.92639570000000,-98.34201180000000
Columbia,Missouri,115276,38.95170530000000,-92.33407240000000
Racine,Wisconsin,78199,42.7261309,-87.78285230000000
Carmel,Indiana,85927,39.978371,-86.1180435
Portage,Michigan,47523,42.20115380000000,-85.5800022
Middletown,Ohio,48630,39.5150576,-84.39827630000000
Woodland,California,56590,38.6785157,-121.7732971
Revere,Massachusetts,53756,42.408430200000000,-71.0119948
Euless,Texas,53224,32.8370727,-97.08195410000000
Arlington Heights,Illinois,75994,42.0883603,-87.9806265
Hemet,California,81750,33.7475203,-116.97196840000000
High Point,North Carolina,107741,35.955692300000000,-80.0053176
Newark,Ohio,47777,40.0581205,-82.4012642
Midwest City,Oklahoma,56756,35.4495065,-97.39670190000000
San Marcos,California,89387,33.1433723,-117.1661449
Port Orange,Florida,57203,29.1383165,-80.9956105
Lakewood,California,81121,33.853626900000000,-118.13395630000000
Westerville,Ohio,37530,40.126174300000000,-82.9290696
Rockford,Illinois,150251,42.2711311,-89.09399520000000
El Cajon,California,102211,32.7947731,-116.96252690000000
St. Petersburg,Florida,249688,27.773056,-82.64
Downers Grove,Illinois,49670,41.8089191,-88.01117460000000
Milford,Connecticut,51644,41.2306979,-73.064036
Albany,Oregon,51583,44.6365107,-123.10592820000000
Las Vegas,Nevada,603488,36.169941200000000,-115.13982960000000
Pasadena,Texas,152735,29.6910625,-95.2091006
Port St. Lucie,Florida,171016,27.273049200000000,-80.3582261
Cedar Rapids,Iowa,128429,41.9778795,-91.66562320000000
Ormond Beach,Florida,38661,29.285812900000000,-81.05588940000000
Quincy,Massachusetts,93494,42.25287720000000,-71.0022705
Miramar,Florida,130288,25.9860762,-80.3035602
El Paso,Texas,674433,31.7775757,-106.44245590000000
Topeka,Kansas,127679,39.055823500000000,-95.6890185
Rosemead,California,54561,34.0805651,-118.072846
Keizer,Oregon,37064,44.9901194,-123.0262077
Minnetonka,Minnesota,51368,44.9211836,-93.46874890000000
Akron,Ohio,198100,41.081444700000000,-81.51900530000000
Edinburg,Texas,80836,26.3017374,-98.1633432
Rancho Cucamonga,California,171386,34.1063989,-117.5931084
North Charleston,South Carolina,104054,32.8546197,-79.9748103
Louisville,Kentucky,609893,38.252664700000000,-85.7584557
Watsonville,California,52477,36.910231,-121.7568946
Coconut Creek,Florida,56792,26.2517482,-80.17893510000000
Bradenton,Florida,51763,27.4989278,-82.5748194
Carlsbad,California,110972,33.158093300000000,-117.3505939
Texas City,Texas,46081,29.383845,-94.9027002
Redding,California,91119,40.5865396,-122.3916754
Wyoming,Michigan,74100,42.9133602,-85.7053085
Lorain,Ohio,63710,41.452819,-82.18237460000000
Roy,Utah,37733,41.1616108,-112.02633130000000
Fort Lauderdale,Florida,172389,26.122438600000000,-80.13731740000000
Warner Robins,Georgia,72531,32.6130007,-83.624201
Clearwater,Florida,109703,27.9658533,-82.8001026
Cutler Bay,Florida,43328,25.5808323,-80.3468593
Florence,Alabama,40059,34.79981,-87.677251
Terre Haute,Indiana,61025,39.4667034,-87.4139092
Temple,Texas,70190,31.0982344,-97.342782
Beavercreek,Ohio,45712,39.7092262,-84.0632685
Sioux Falls,South Dakota,164676,43.5445959,-96.73110340000000
Columbus,Indiana,45775,39.201440400000000,-85.9213796
Margate,Florida,55456,26.244526300000000,-80.206436
Leominster,Massachusetts,41002,42.5250906,-71.759794
Warwick,Rhode Island,81971,41.700100900000000,-71.4161671
Bakersfield,California,363630,35.3732921,-119.0187125
Miami,Florida,417650,25.7616798,-80.1917902
Lake Charles,Louisiana,74024,30.226594900000000,-93.21737580000000
Richland,Washington,52413,46.2856907,-119.2844621
Hickory,North Carolina,40361,35.7344538,-81.3444573
South San Francisco,California,66174,37.654656,-122.40774980000000
Plymouth,Minnesota,73987,45.01051940000000,-93.4555093
South Bend,Indiana,100886,41.676354500000000,-86.25198980000000
Edmond,Oklahoma,87004,35.6528323,-97.4780954
Des Moines,Iowa,207510,41.600544800000000,-93.6091064
Bonita Springs,Florida,47547,26.339806,-81.77869720000000
Draper,Utah,45285,40.5246711,-111.8638226
Whittier,California,86635,33.97917930000000,-118.032844
Livonia,Michigan,95208,42.36837,-83.3527097
Milwaukee,Wisconsin,599164,43.0389025,-87.9064736
Auburn,Washington,74860,47.307322800000000,-122.22845320000000
Sumter,South Carolina,41190,33.9204354,-80.3414693
Beverly,Massachusetts,40664,42.5584283,-70.880049
Renton,Washington,97003,47.4828776,-122.21706610000000
Centennial,Colorado,106114,39.5807452,-104.87717260000000
Richmond,Virginia,214114,37.540724600000000,-77.4360481
Anderson,Indiana,55670,40.1053196,-85.6802541
Beaumont,California,40481,33.929460600000000,-116.977248
Pflugerville,Texas,53752,30.4393696,-97.62000430000000
Hoboken,New Jersey,52575,40.7439905,-74.0323626
Lexington-Fayette,Kentucky,308428,38.040583700000000,-84.50371640000000
Norwalk,California,106589,33.9022367,-118.08173300000000
Yuma,Arizona,91923,32.6926512,-114.62769160000000
Highland,California,54291,34.1283442,-117.2086513
Carol Stream,Illinois,40379,41.9125286,-88.1347927
Joliet,Illinois,147806,41.525031,-88.0817251
Rock Hill,South Carolina,69103,34.9248667,-81.02507840000000
Rancho Cordova,California,67911,38.5890723,-121.302728
Dearborn Heights,Michigan,56620,42.3369816,-83.2732627
Honolulu,Hawaii,347884,21.3069444,-157.8583333
Victoria,Texas,65098,28.805267400000000,-97.00359820000000
Attleboro,Massachusetts,43886,41.9445441,-71.2856082
Wylie,Texas,44575,33.0151201,-96.53887890000000
Carrollton,Texas,126700,32.975641500000000,-96.88996360000000
Plainfield,Illinois,41734,41.632223000000000,-88.2120315
Hoffman Estates,Illinois,52398,42.062991500000000,-88.1227199
Methuen,Massachusetts,48514,42.7262016,-71.19089240000000
North Port,Florida,59212,27.044224,-82.23592540000000
Rockville,Maryland,64072,39.0839973,-77.1527578
Burbank,California,104709,34.18083920000000,-118.30896610000000
Fullerton,California,138981,33.8703596,-117.9242966
Oshkosh,Wisconsin,66778,44.024706200000000,-88.5426136
Huntsville,Texas,39795,30.723526300000000,-95.55077710000000
Farmington Hills,Michigan,81295,42.4989936,-83.3677168
Pico Rivera,California,63771,33.9830688,-118.09673500000000
Cerritos,California,49707,33.858348300000000,-118.0647871
La Puente,California,40435,34.0200114,-117.94950830000000
Grand Junction,Colorado,59778,39.0638705,-108.5506486
Enid,Oklahoma,50725,36.3955891,-97.8783911
San Jose,California,998537,37.338208200000000,-121.88632860000000
Round Rock,Texas,109821,30.508255100000000,-97.678896
Maple Grove,Minnesota,65415,45.072464200000000,-93.4557877
Norman,Oklahoma,118197,35.222566800000000,-97.4394777
Homestead,Florida,64079,25.468722400000000,-80.4775569
Friendswood,Texas,37587,29.529399800000000,-95.20104470000000
Irvine,California,236716,33.6839473,-117.79469420000000
Pocatello,Idaho,54350,42.8713032,-112.4455344
Pacifica,California,38606,37.613825300000000,-122.48691940000000
Sheboygan,Wisconsin,48725,43.750828400000000,-87.71453000000000
Bossier City,Louisiana,66333,32.5159852,-93.7321228
Cedar Park,Texas,61238,30.505198000000000,-97.82028880000000
Sandy Springs,Georgia,99770,33.9304352,-84.3733147
Champaign,Illinois,83424,40.116420400000000,-88.2433829
Clifton,New Jersey,85390,40.858432800000000,-74.16375530000000
Moore,Oklahoma,58414,35.339507900000000,-97.48670280000000
Blue Springs,Missouri,53294,39.0169509,-94.2816148
Lancaster,California,159523,34.6867846,-118.1541632
Bryan,Texas,78709,30.674364300000000,-96.3699632
Hurst,Texas,38448,32.82346210000000,-97.1705678
Cape Coral,Florida,165831,26.5628537,-81.94953310000000
Cupertino,California,60189,37.322997800000000,-122.03218230000000
Pittsfield,Massachusetts,44057,42.450084500000000,-73.2453824
Gilroy,California,51701,37.0057816,-121.5682751
Manchester,New Hampshire,110378,42.995639700000000,-71.4547891
Virginia Beach,Virginia,448479,36.8529263,-75.977985
Salina,Kansas,47846,38.8402805,-97.6114237
Somerville,Massachusetts,78804,42.3875968,-71.0994968
Largo,Florida,78409,27.909466500000000,-82.7873244
Fresno,California,509924,36.7468422,-119.7725868
Phenix City,Alabama,37498,32.4709761,-85.0007653
Berwyn,Illinois,56758,41.8505874,-87.79366850000000
Palm Beach Gardens,Florida,50699,26.8233946,-80.1386547
Pawtucket,Rhode Island,71172,41.878711000000000,-71.38255580000000
San Gabriel,California,40275,34.0961111,-118.10583330000000
Winston-Salem,North Carolina,236441,36.0998596,-80.24421600000000
Alpharetta,Georgia,62298,34.07537620000000,-84.2940899
O'Fallon,Missouri,82809,38.8106075,-90.6998477
Redwood City,California,80872,37.4852152,-122.2363548
Union City,California,72528,37.59339180000000,-122.0438298
Hallandale Beach,Florida,38632,25.981202400000000,-80.148379
Mankato,Minnesota,40641,44.1635775,-93.99939960000000
Aliso Viejo,California,50175,33.5676842,-117.72560830000000
Menifee,California,83447,33.6971468,-117.185294
Loveland,Colorado,71334,40.397761200000000,-105.0749801
Carpentersville,Illinois,38241,42.1211364,-88.2578582
Providence,Rhode Island,177994,41.8239891,-71.4128343
Hialeah,Florida,233394,25.8575963,-80.2781057
San Ramon,California,74513,37.7799273,-121.9780153
Ontario,California,167500,34.0633443,-117.65088760000000
Kirkland,Washington,84430,47.6814875,-122.20873530000000
St. George,Utah,76817,37.0965278,-113.5684164
Hilton Head Island,South Carolina,39412,32.216316,-80.752608
Glendale,California,196021,34.1425078,-118.255075
Meriden,Connecticut,60456,41.5381535,-72.8070435
Gardena,California,59957,33.8883487,-118.30896240000000
Westfield,Massachusetts,41301,42.1250929,-72.749538
Elgin,Illinois,110145,42.035408400000000,-88.2825668
Plano,Texas,274409,33.0198431,-96.6988856
Longmont,Colorado,89919,40.167206800000000,-105.10192750000000
Coppell,Texas,40342,32.954568700000000,-97.01500780000000
Lakewood,Ohio,51143,41.481993200000000,-81.7981908
Jonesboro,Arkansas,71551,35.8422967,-90.704279
College Station,Texas,100050,30.627977,-96.3344068
Dearborn,Michigan,95884,42.3222599,-83.1763145
Utica,New York,61808,43.100903,-75.232664
Monroe,Louisiana,49761,32.5093109,-92.1193012
Baltimore,Maryland,622104,39.2903848,-76.6121893
Springfield,Missouri,164122,37.20895720000000,-93.2922989
Pine Bluff,Arkansas,46094,34.2284312,-92.00319550000000
Plainfield,New Jersey,50588,40.6337136,-74.40737360000000
Lynn,Massachusetts,91589,42.466763,-70.9494938
Woodbury,Minnesota,65656,44.923855200000000,-92.9593797
Gainesville,Florida,127488,29.6516344,-82.3248262
West Sacramento,California,49891,38.5804609,-121.53023400000000
Sammamish,Washington,50169,47.616268300000000,-122.0355736
Aventura,Florida,37199,25.9564812,-80.1392121
Fayetteville,Arkansas,78960,36.0625795,-94.1574263
San Rafael,California,58994,37.9735346,-122.5310874
Conway,Arkansas,63816,35.0886963,-92.44210110000000
Tacoma,Washington,203446,47.252876800000000,-122.4442906
Middletown,Connecticut,47333,41.562320900000000,-72.6506488
Burlington,Vermont,42284,44.475882500000000,-73.21207200000000
Twin Falls,Idaho,45981,42.5629668,-114.46087110000000
Sherman,Texas,39296,33.635661800000000,-96.60888050000000
New York,New York,8405837,40.7127837,-74.00594130000000
Simi Valley,California,126181,34.2694474,-118.78148200000000
West Covina,California,107740,34.0686208,-117.93895260000000
Castle Rock,Colorado,53063,39.372212100000000,-104.8560902
Valdosta,Georgia,56481,30.8327022,-83.2784851
Fort Worth,Texas,792727,32.7554883,-97.3307658
Carson,California,92599,33.8316745,-118.28169300000000
Evansville,Indiana,120310,37.9715592,-87.5710898
Santa Maria,California,102216,34.953033700000000,-120.43571910000000
Brentwood,Tennessee,40021,36.0331164,-86.7827772
La Mesa,California,58642,32.7678287,-117.02308390000000
Westminster,Colorado,110945,39.836652800000000,-105.03720460000000
Reading,Pennsylvania,87893,40.335648300000000,-75.9268747
Turlock,California,70365,37.494656800000000,-120.84659410000000
Greeley,Colorado,96539,40.42331420000000,-104.7091322
Tyler,Texas,100223,32.351260100000000,-95.3010624
Winter Garden,Florida,37711,28.5652787,-81.5861847
Waco,Texas,129030,31.549333,-97.1466695
Martinez,California,37165,38.0193657,-122.1341321
Thousand Oaks,California,128731,34.1705609,-118.83759370000000
Azusa,California,47842,34.1336186,-117.90756270000000
Bridgeport,Connecticut,147216,41.18654780000000,-73.1951767
St. Louis Park,Minnesota,47411,44.9597376,-93.3702186
Chesterfield,Missouri,47749,38.6631083,-90.5770675
Greenacres,Florida,38696,26.6276276,-80.1353896
Pasco,Washington,67599,46.239579300000000,-119.10056570000000
Torrance,California,147478,33.835849200000000,-118.34062880000000
Madison,Wisconsin,243344,43.07305170000000,-89.4012302
Janesville,Wisconsin,63820,42.6827885,-89.01872220000000
Waukegan,Illinois,88826,42.3636331,-87.84479380000000
Bowling Green,Kentucky,61488,36.9685219,-86.48080430000000
Arlington,Texas,379577,32.735687,-97.10806560000000
Lewisville,Texas,101074,33.046233,-96.994174
Farmington,New Mexico,45426,36.7280583,-108.21868560000000
Oakley,California,38194,37.9974219,-121.71245360000000
Palo Alto,California,66642,37.441883400000000,-122.14301950000000
Springfield,Oregon,60177,44.0462362,-123.02202890000000
New Bedford,Massachusetts,95078,41.6362152,-70.934205
Redmond,Washington,57530,47.6739881,-122.12151200000000
Brentwood,California,55000,37.931868,-121.6957863
Davis,California,66205,38.5449065,-121.74051670000000
La Mirada,California,49133,33.9172357,-118.01200860000000
Smyrna,Tennessee,43060,35.9828412,-86.51860450000000
Altoona,Pennsylvania,45796,40.5186809,-78.3947359
Dothan,Alabama,68001,31.223231300000000,-85.39048880000000
East Orange,New Jersey,64544,40.767323,-74.20486770000000
Tinley Park,Illinois,57282,41.5731442,-87.7932939
Biloxi,Mississippi,44820,30.396031800000000,-88.88530780000000
Urbana,Illinois,41752,40.1105875,-88.2072697
Garden Grove,California,175140,33.773905300000000,-117.9414477
Lynwood,California,71371,33.930293,-118.21146030000000
Northglenn,Colorado,37499,39.8961821,-104.98114680000000
Canton,Ohio,72535,40.7989473,-81.378447
Brookhaven,Georgia,50603,33.8651033,-84.3365917
Baton Rouge,Louisiana,229426,30.458282900000000,-91.1403196
Bristol,Connecticut,60568,41.6717648,-72.9492703
Independence,Missouri,117240,39.0911161,-94.4155068
Lansing,Michigan,113972,42.732535,-84.55553470000000
Orland Park,Illinois,58590,41.6303103,-87.8539425
Vineland,New Jersey,61050,39.4863773,-75.0259637
Green Bay,Wisconsin,104779,44.519159,-88.019826
Evanston,Illinois,75570,42.0450722,-87.6876969
Ocoee,Florida,39172,28.569167700000000,-81.5439619
Los Angeles,California,3884307,34.0522342,-118.24368490000000
Federal Way,Washington,92734,47.3223221,-122.3126222
West Jordan,Utah,110077,40.6096698,-111.9391031
Yucaipa,California,52536,34.033625,-117.0430865
Pittsburgh,Pennsylvania,305841,40.440624800000000,-79.9958864
Downey,California,113242,33.9401088,-118.13315930000000
Cicero,Illinois,84103,41.8455877,-87.7539448
South Gate,California,95677,33.954737,-118.21201610000000
Panama City,Florida,36877,30.158812900000000,-85.6602058
Joplin,Missouri,50789,37.0842271,-94.513281
League City,Texas,90983,29.5074538,-95.0949303
Salt Lake City,Utah,191180,40.760779300000000,-111.89104740000000
Fort Pierce,Florida,43074,27.446705600000000,-80.3256056
Phoenix,Arizona,1513367,33.4483771,-112.07403730000000
Corvallis,Oregon,55298,44.5645659,-123.2620435
Cedar Hill,Texas,46663,32.5884689,-96.9561152
Chicopee,Massachusetts,55717,42.14870430000000,-72.6078672
Ocala,Florida,57468,29.187198600000000,-82.14009230000000
Roswell,Georgia,94034,34.0232431,-84.36155550000000
Park Ridge,Illinois,37839,42.011141200000000,-87.8406192
Concord,New Hampshire,42419,43.2081366,-71.5375718
Olympia,Washington,48338,47.0378741,-122.9006951
Huntington Beach,California,197575,33.660297,-117.99922650000000
Corpus Christi,Texas,316381,27.800582800000000,-97.396381
Haverhill,Massachusetts,62088,42.7762015,-71.0772796
Hanover Park,Illinois,38510,41.9994722,-88.1450735
Cambridge,Massachusetts,107289,42.373615800000000,-71.10973350000000
Glendale,Arizona,234632,33.538652300000000,-112.18598660000000
Stanton,California,38623,33.802515500000000,-117.9931165
Summerville,South Carolina,46074,33.0185039,-80.17564810000000
Davenport,Iowa,102157,41.5236437,-90.57763670000000
Boca Raton,Florida,89407,26.3683064,-80.1289321
New Britain,Connecticut,72939,41.6612104,-72.77954190000000
Roseville,Michigan,47555,42.4972583,-82.93714090000000
Cleveland Heights,Ohio,45394,41.5200518,-81.556235
Gresham,Oregon,109397,45.5001357,-122.43020130000000
Lauderhill,Florida,69813,26.1403635,-80.2133808
Hendersonville,Tennessee,54068,36.304773500000000,-86.6199957
Santa Clara,California,120245,37.354107900000000,-121.9552356
Oceanside,California,172794,33.1958696,-117.3794834
Lake Forest,California,79312,33.6469661,-117.689218
Novi,Michigan,57960,42.48059,-83.47549130000000
West New York,New Jersey,52122,40.787878800000000,-74.0143064
Everett,Massachusetts,42935,42.408430000000000,-71.0536625
Linden,New Jersey,41301,40.6220478,-74.2445902
Asheville,North Carolina,87236,35.5950581,-82.5514869
Compton,California,97877,33.8958492,-118.2200712